customer_id,first_name,last_name,email,country,city
200,Ewa,Davis,ewa.davis001@inbox.com,Germany,Cologne
201,Andrew,Brown,andrew.brown002@shopper.net,United Kingdom,London
202,Emily,Michalska,emily.michalska003@shopper.net,Spain,Madrid
203,James,Brown,james.brown004@inbox.com,France,Toulouse
204,John,Kowalska,john.kowalska005@mail.com,France,Lyon
205,Joanna,Rodriguez,joanna.rodriguez006@shopper.net,United Kingdom,Birmingham
206,Emily,Williams,emily.williams007@mail.com,Germany,Berlin
207,Emma,Williams,emma.williams008@inbox.com,Germany,Munich
208,Ewa,Lewandowska,ewa.lewandowska009@example.com,Netherlands,The Hague
209,Mia,Kowalska,mia.kowalska010@example.com,Poland,Warsaw
210,Anthony,Davis,anthony.davis011@shopper.net,Spain,Barcelona
211,Ava,Pawlowska,ava.pawlowska012@inbox.com,United States,Los Angeles
212,John,Nowak,john.nowak013@mail.com,United Kingdom,Birmingham
213,John,Pawlowska,john.pawlowska014@shopper.net,France,Marseille
214,Sophia,Dabrowska,sophia.dabrowska015@inbox.com,United Kingdom,Glasgow
215,Emma,Nowak,emma.nowak016@inbox.com,Spain,Barcelona
216,Monika,Wojcik,monika.wojcik017@mail.com,Italy,Bologna
217,Joanna,Garcia,joanna.garcia018@shopper.net,United Kingdom,Manchester
218,Sophia,Johnson,sophia.johnson019@inbox.com,Germany,Hamburg
219,Katarzyna,Kowalska,katarzyna.kowalska020@inbox.com,United States,Seattle
220,Olivia,Johnson,olivia.johnson021@inbox.com,Italy,Rome
221,Emma,Zielinska,emma.zielinska022@mail.com,Poland,Warsaw
222,Maria,Davis,maria.davis023@shopper.net,United States,Houston
223,Sophia,Miller,sophia.miller024@shopper.net,United States,Chicago
224,Michael,Jones,michael.jones025@shopper.net,France,Toulouse
225,Evelyn,Jones,evelyn.jones026@shopper.net,Poland,Lodz
226,Paulina,Zielinska,paulina.zielinska027@example.com,France,Marseille
227,Maria,Brown,maria.brown028@example.com,Italy,Turin
228,Charlotte,Nowak,charlotte.nowak029@shopper.net,Poland,Krakow
229,Emma,Smith,emma.smith030@mail.com,Germany,Frankfurt
230,Anna,Rodriguez,anna.rodriguez031@example.com,Netherlands,Groningen
231,Michael,Dabrowska,michael.dabrowska032@inbox.com,Poland,Gdansk
232,Mia,Szymanska,mia.szymanska033@example.com,Spain,Malaga
233,Olivia,Nowak,olivia.nowak034@inbox.com,United Kingdom,Manchester
234,Emily,Szymanska,emily.szymanska035@shopper.net,Germany,Berlin
235,Michael,Garcia,michael.garcia036@example.com,Spain,Madrid
236,Isabella,Nowak,isabella.nowak037@mail.com,United Kingdom,Liverpool
237,Chris,Garcia,chris.garcia038@example.com,United Kingdom,Leeds
238,Amelia,Jones,amelia.jones039@example.com,Germany,Hamburg
239,Amelia,Rodriguez,amelia.rodriguez040@example.com,United States,Chicago
240,Magdalena,Nowak,magdalena.nowak041@shopper.net,Poland,Warsaw
241,Charlotte,Wilson,charlotte.wilson042@mail.com,Germany,Frankfurt
242,Charlotte,Szymanska,charlotte.szymanska043@example.com,Netherlands,Rotterdam
243,Daniel,Kowalska,daniel.kowalska044@mail.com,Germany,Frankfurt
244,James,Jones,james.jones045@shopper.net,United States,Phoenix
245,Evelyn,Kaczmarek,evelyn.kaczmarek046@inbox.com,Germany,Dresden
246,Evelyn,Rodriguez,evelyn.rodriguez047@example.com,France,Paris
247,James,Davis,james.davis048@mail.com,Poland,Warsaw
248,Evelyn,Zielinska,evelyn.zielinska049@mail.com,Netherlands,Amsterdam
249,Anthony,Lewandowska,anthony.lewandowska050@shopper.net,United Kingdom,Liverpool
250,Michael,Kaczmarek,michael.kaczmarek051@example.com,Germany,Cologne
251,Ava,Davis,ava.davis052@inbox.com,Poland,Poznan
252,Andrew,Kaczmarek,andrew.kaczmarek053@mail.com,Poland,Lodz
253,Isabella,Davis,isabella.davis054@example.com,United Kingdom,Birmingham
254,Katarzyna,Wilson,katarzyna.wilson055@inbox.com,Germany,Munich
255,Agnieszka,Zielinska,agnieszka.zielinska056@mail.com,Spain,Seville
256,Anthony,Nowak,anthony.nowak057@mail.com,United Kingdom,Birmingham
257,Ewa,Szymanska,ewa.szymanska058@inbox.com,Germany,Frankfurt
258,Emma,Nowak,emma.nowak059@inbox.com,United States,New York
259,Marta,Williams,marta.williams060@shopper.net,United States,Phoenix
260,Ewa,Smith,ewa.smith061@example.com,Poland,Lodz
261,Mark,Smith,mark.smith062@example.com,Poland,Krakow
262,Monika,Miller,monika.miller063@shopper.net,Poland,Lodz
263,Isabella,Smith,isabella.smith064@mail.com,France,Toulouse
264,Charlotte,Rodriguez,charlotte.rodriguez065@inbox.com,United States,Houston
265,Robert,Jones,robert.jones066@inbox.com,United Kingdom,Manchester
266,Mark,Miller,mark.miller067@inbox.com,Spain,Valencia
267,Mia,Smith,mia.smith068@mail.com,France,Marseille
268,Marta,Miller,marta.miller069@inbox.com,United States,Houston
269,Mia,Pawlowska,mia.pawlowska070@inbox.com,Spain,Seville
270,Emma,Lewandowska,emma.lewandowska071@shopper.net,Poland,Warsaw
271,Maria,Pawlowska,maria.pawlowska072@mail.com,Poland,Gdansk
272,Andrew,Lewandowska,andrew.lewandowska073@example.com,Germany,Munich
273,Charlotte,Wojcik,charlotte.wojcik074@shopper.net,Poland,Gdansk
274,James,Wojcik,james.wojcik075@shopper.net,United Kingdom,London
275,Charlotte,Garcia,charlotte.garcia076@example.com,Italy,Bologna
276,Ewa,Rodriguez,ewa.rodriguez077@shopper.net,Poland,Wroclaw
277,Michael,Rodriguez,michael.rodriguez078@mail.com,Poland,Wroclaw
278,Emily,Zielinska,emily.zielinska079@inbox.com,United Kingdom,London
279,Joanna,Garcia,joanna.garcia080@mail.com,Italy,Milan
280,James,Kaczmarek,james.kaczmarek081@example.com,Germany,Cologne
281,Katarzyna,Szymanska,katarzyna.szymanska082@example.com,United Kingdom,Glasgow
282,Robert,Kowalska,robert.kowalska083@shopper.net,Poland,Wroclaw
283,Chris,Zielinska,chris.zielinska084@mail.com,Poland,Poznan
284,Monika,Michalska,monika.michalska085@mail.com,Netherlands,Amsterdam
285,Mark,Johnson,mark.johnson086@example.com,Netherlands,Amsterdam
286,Joanna,Brown,joanna.brown087@mail.com,Poland,Wroclaw
287,Monika,Nowak,monika.nowak088@example.com,Netherlands,Utrecht
288,Maria,Davis,maria.davis089@mail.com,United States,Phoenix
289,Evelyn,Brown,evelyn.brown090@mail.com,Spain,Barcelona
290,Paulina,Williams,paulina.williams091@mail.com,United Kingdom,Leeds
291,Olivia,Michalska,olivia.michalska092@example.com,United Kingdom,Manchester
292,Magdalena,Jones,magdalena.jones093@shopper.net,United Kingdom,Leeds
293,Monika,Jones,monika.jones094@mail.com,United States,Chicago
294,Olivia,Smith,olivia.smith095@example.com,Poland,Gdansk
295,Emily,Miller,emily.miller096@example.com,Poland,Gdansk
296,Mark,Davis,mark.davis097@mail.com,Germany,Dresden
297,Mia,Lewandowska,mia.lewandowska098@mail.com,United States,Chicago
298,Michael,Kowalska,michael.kowalska099@shopper.net,Poland,Warsaw
299,Maria,Pawlowska,maria.pawlowska100@example.com,United States,New York
300,Magdalena,Davis,magdalena.davis101@example.com,Netherlands,Groningen
301,Evelyn,Wojcik,evelyn.wojcik102@inbox.com,Poland,Poznan
302,Monika,Wilson,monika.wilson103@example.com,United States,Los Angeles
303,Robert,Jones,robert.jones104@shopper.net,United Kingdom,Leeds
304,Daniel,Jones,daniel.jones105@inbox.com,Spain,Seville
305,James,Brown,james.brown106@inbox.com,Poland,Lodz
306,Joanna,Brown,joanna.brown107@inbox.com,United States,New York
307,Robert,Nowak,robert.nowak108@mail.com,Spain,Seville
308,Ava,Williams,ava.williams109@mail.com,Italy,Rome
309,Charlotte,Brown,charlotte.brown110@example.com,United States,Phoenix
310,Isabella,Rodriguez,isabella.rodriguez111@inbox.com,United Kingdom,Manchester
311,Evelyn,Dabrowska,evelyn.dabrowska112@shopper.net,United States,Phoenix
312,Joanna,Wojcik,joanna.wojcik113@mail.com,Spain,Malaga
313,Emma,Jones,emma.jones114@shopper.net,United States,Chicago
314,Daniel,Brown,daniel.brown115@shopper.net,Poland,Gdansk
315,David,Smith,david.smith116@mail.com,Italy,Florence
316,Mark,Jones,mark.jones117@mail.com,United States,Phoenix
317,James,Williams,james.williams118@mail.com,United States,Houston
318,Emma,Garcia,emma.garcia119@mail.com,Poland,Krakow
319,Sophia,Szymanska,sophia.szymanska120@inbox.com,United States,Chicago
320,Mia,Wojcik,mia.wojcik121@inbox.com,Germany,Dresden
321,Isabella,Rodriguez,isabella.rodriguez122@inbox.com,United States,Seattle
322,Charlotte,Jones,charlotte.jones123@inbox.com,Poland,Gdansk
323,Charlotte,Zielinska,charlotte.zielinska124@example.com,United States,Chicago
324,Charlotte,Kaczmarek,charlotte.kaczmarek125@inbox.com,Netherlands,Rotterdam
325,David,Dabrowska,david.dabrowska126@mail.com,Poland,Gdansk
326,Marta,Davis,marta.davis127@shopper.net,Netherlands,Rotterdam
327,Emily,Dabrowska,emily.dabrowska128@inbox.com,United Kingdom,Liverpool
328,James,Johnson,james.johnson129@example.com,Spain,Valencia
329,David,Davis,david.davis130@mail.com,France,Nice
330,Anna,Williams,anna.williams131@shopper.net,United States,Phoenix
331,Isabella,Wilson,isabella.wilson132@shopper.net,France,Nantes
332,Ewa,Lewandowska,ewa.lewandowska133@inbox.com,Spain,Barcelona
333,Marta,Kaczmarek,marta.kaczmarek134@shopper.net,United Kingdom,Glasgow
334,Sophia,Wojcik,sophia.wojcik135@inbox.com,Germany,Munich
335,Anna,Michalska,anna.michalska136@inbox.com,United States,Phoenix
336,Michael,Williams,michael.williams137@mail.com,France,Nice
337,Joanna,Garcia,joanna.garcia138@mail.com,France,Lyon
338,Sophia,Jones,sophia.jones139@example.com,France,Toulouse
339,John,Lewandowska,john.lewandowska140@mail.com,United Kingdom,Glasgow
340,Anthony,Jones,anthony.jones141@mail.com,Spain,Valencia
341,Chris,Nowak,chris.nowak142@inbox.com,Poland,Lodz
342,Joanna,Jones,joanna.jones143@mail.com,United Kingdom,Leeds
343,Katarzyna,Pawlowska,katarzyna.pawlowska144@inbox.com,Poland,Krakow
344,Katarzyna,Pawlowska,katarzyna.pawlowska145@inbox.com,Germany,Cologne
345,Anna,Davis,anna.davis146@mail.com,Germany,Berlin
346,Amelia,Johnson,amelia.johnson147@example.com,Germany,Berlin
347,Agnieszka,Rodriguez,agnieszka.rodriguez148@example.com,United States,Phoenix
348,Magdalena,Kaczmarek,magdalena.kaczmarek149@shopper.net,Germany,Frankfurt
349,Ewa,Michalska,ewa.michalska150@shopper.net,United Kingdom,Birmingham
350,Mia,Zielinska,mia.zielinska151@mail.com,Germany,Dresden
351,Marta,Szymanska,marta.szymanska152@example.com,Germany,Cologne
352,Charlotte,Wilson,charlotte.wilson153@inbox.com,Germany,Berlin
353,Ewa,Nowak,ewa.nowak154@shopper.net,Poland,Poznan
354,Marta,Williams,marta.williams155@inbox.com,United States,Seattle
355,Joanna,Szymanska,joanna.szymanska156@shopper.net,United States,Houston
356,Michael,Zielinska,michael.zielinska157@mail.com,United States,Phoenix
357,Maria,Kowalska,maria.kowalska158@example.com,United Kingdom,Glasgow
358,Anna,Szymanska,anna.szymanska159@shopper.net,Germany,Berlin
359,Daniel,Szymanska,daniel.szymanska160@example.com,Spain,Madrid
360,Ava,Miller,ava.miller161@inbox.com,United Kingdom,Glasgow
361,Ava,Lewandowska,ava.lewandowska162@mail.com,United Kingdom,Manchester
362,Evelyn,Smith,evelyn.smith163@example.com,Poland,Poznan
363,Sophia,Michalska,sophia.michalska164@mail.com,Germany,Dresden
364,Agnieszka,Wojcik,agnieszka.wojcik165@example.com,Germany,Frankfurt
365,Katarzyna,Rodriguez,katarzyna.rodriguez166@inbox.com,Germany,Hamburg
366,Michael,Pawlowska,michael.pawlowska167@inbox.com,United States,Chicago
367,Joanna,Zielinska,joanna.zielinska168@mail.com,United Kingdom,Birmingham
368,Olivia,Lewandowska,olivia.lewandowska169@inbox.com,United States,Los Angeles
369,Amelia,Szymanska,amelia.szymanska170@shopper.net,France,Lyon
370,Katarzyna,Nowak,katarzyna.nowak171@example.com,Spain,Bilbao
371,Anna,Wilson,anna.wilson172@inbox.com,France,Marseille
372,Katarzyna,Smith,katarzyna.smith173@shopper.net,Netherlands,Rotterdam
373,Agnieszka,Lewandowska,agnieszka.lewandowska174@mail.com,Poland,Warsaw
374,James,Jones,james.jones175@shopper.net,Poland,Poznan
375,Robert,Szymanska,robert.szymanska176@mail.com,Poland,Lodz
376,Katarzyna,Davis,katarzyna.davis177@mail.com,United States,Houston
377,Anna,Szymanska,anna.szymanska178@example.com,Italy,Turin
378,Agnieszka,Rodriguez,agnieszka.rodriguez179@example.com,Germany,Cologne
379,Mia,Nowak,mia.nowak180@shopper.net,Italy,Florence
380,Ava,Jones,ava.jones181@example.com,Poland,Wroclaw
381,Robert,Smith,robert.smith182@example.com,Italy,Florence
382,Ewa,Pawlowska,ewa.pawlowska183@example.com,Germany,Berlin
383,Amelia,Rodriguez,amelia.rodriguez184@shopper.net,Poland,Wroclaw
384,Marta,Williams,marta.williams185@inbox.com,United Kingdom,Glasgow
385,James,Johnson,james.johnson186@example.com,Germany,Hamburg
386,James,Zielinska,james.zielinska187@example.com,Germany,Frankfurt
387,Mia,Szymanska,mia.szymanska188@shopper.net,Germany,Munich
388,Magdalena,Lewandowska,magdalena.lewandowska189@inbox.com,France,Marseille
389,Charlotte,Rodriguez,charlotte.rodriguez190@example.com,United Kingdom,Leeds
390,David,Wilson,david.wilson191@mail.com,Germany,Hamburg
391,Anthony,Kowalska,anthony.kowalska192@shopper.net,United States,Phoenix
392,Ewa,Wilson,ewa.wilson193@example.com,France,Paris
393,Chris,Davis,chris.davis194@example.com,Germany,Hamburg
394,Andrew,Johnson,andrew.johnson195@mail.com,United Kingdom,Leeds
395,Emily,Jones,emily.jones196@mail.com,Poland,Krakow
396,Monika,Kowalska,monika.kowalska197@shopper.net,Poland,Lodz
397,Evelyn,Brown,evelyn.brown198@shopper.net,United States,New York
398,Agnieszka,Szymanska,agnieszka.szymanska199@mail.com,Poland,Krakow
399,Ava,Zielinska,ava.zielinska200@shopper.net,United Kingdom,Birmingham
400,Ewa,Smith,ewa.smith201@mail.com,United States,Phoenix
401,David,Lewandowska,david.lewandowska202@example.com,Poland,Poznan
402,James,Williams,james.williams203@mail.com,United States,Houston
403,John,Smith,john.smith204@mail.com,Germany,Frankfurt
404,Emily,Wojcik,emily.wojcik205@inbox.com,Netherlands,Amsterdam
405,Monika,Kowalska,monika.kowalska206@mail.com,United Kingdom,Glasgow
406,David,Szymanska,david.szymanska207@mail.com,France,Toulouse
407,Ewa,Garcia,ewa.garcia208@inbox.com,United Kingdom,Liverpool
408,Amelia,Kaczmarek,amelia.kaczmarek209@shopper.net,Poland,Gdansk
409,Anthony,Zielinska,anthony.zielinska210@inbox.com,United States,Chicago
410,Olivia,Kaczmarek,olivia.kaczmarek211@example.com,Netherlands,The Hague
411,Charlotte,Johnson,charlotte.johnson212@inbox.com,United States,Los Angeles
412,Maria,Nowak,maria.nowak213@example.com,Spain,Valencia
413,Magdalena,Williams,magdalena.williams214@shopper.net,Spain,Malaga
414,David,Pawlowska,david.pawlowska215@inbox.com,Germany,Frankfurt
415,Evelyn,Nowak,evelyn.nowak216@inbox.com,Poland,Wroclaw
416,Isabella,Wilson,isabella.wilson217@shopper.net,United States,Seattle
417,Emma,Kowalska,emma.kowalska218@example.com,United Kingdom,Glasgow
418,Paulina,Zielinska,paulina.zielinska219@inbox.com,Spain,Malaga
419,Charlotte,Michalska,charlotte.michalska220@example.com,Italy,Florence
420,Charlotte,Davis,charlotte.davis221@inbox.com,Germany,Cologne
421,Michael,Michalska,michael.michalska222@mail.com,Germany,Frankfurt
422,Michael,Smith,michael.smith223@inbox.com,France,Paris
423,Andrew,Jones,andrew.jones224@shopper.net,Germany,Cologne
424,Evelyn,Szymanska,evelyn.szymanska225@shopper.net,Spain,Madrid
425,Evelyn,Wojcik,evelyn.wojcik226@example.com,United Kingdom,Liverpool
426,John,Davis,john.davis227@inbox.com,United States,Los Angeles
427,Mia,Zielinska,mia.zielinska228@example.com,Poland,Wroclaw
428,Ava,Johnson,ava.johnson229@example.com,United States,Seattle
429,Charlotte,Garcia,charlotte.garcia230@mail.com,United Kingdom,London
430,Isabella,Brown,isabella.brown231@mail.com,United States,Chicago
431,Ewa,Smith,ewa.smith232@shopper.net,Poland,Gdansk
432,Evelyn,Michalska,evelyn.michalska233@example.com,France,Lyon
433,Anna,Nowak,anna.nowak234@shopper.net,Spain,Seville
434,Anna,Johnson,anna.johnson235@inbox.com,Poland,Wroclaw
435,Isabella,Wojcik,isabella.wojcik236@example.com,Poland,Wroclaw
436,Amelia,Wojcik,amelia.wojcik237@example.com,Poland,Lodz
437,Evelyn,Kowalska,evelyn.kowalska238@inbox.com,United States,Los Angeles
438,Isabella,Pawlowska,isabella.pawlowska239@inbox.com,United States,Houston
439,Andrew,Pawlowska,andrew.pawlowska240@shopper.net,United Kingdom,Liverpool
440,David,Smith,david.smith241@shopper.net,Germany,Hamburg
441,Marta,Michalska,marta.michalska242@inbox.com,Germany,Berlin
442,Katarzyna,Zielinska,katarzyna.zielinska243@shopper.net,United States,Seattle
443,Ewa,Brown,ewa.brown244@inbox.com,United Kingdom,Birmingham
444,Paulina,Wojcik,paulina.wojcik245@example.com,Netherlands,Utrecht
445,Joanna,Zielinska,joanna.zielinska246@example.com,Poland,Warsaw
446,Amelia,Zielinska,amelia.zielinska247@mail.com,United States,Chicago
447,Marta,Rodriguez,marta.rodriguez248@example.com,United Kingdom,Manchester
448,Evelyn,Brown,evelyn.brown249@inbox.com,United Kingdom,London
449,Agnieszka,Lewandowska,agnieszka.lewandowska250@shopper.net,France,Marseille
450,Anna,Williams,anna.williams251@mail.com,United States,Phoenix
451,Anthony,Kaczmarek,anthony.kaczmarek252@shopper.net,Netherlands,Groningen
452,Magdalena,Garcia,magdalena.garcia253@inbox.com,Poland,Gdansk
453,Michael,Pawlowska,michael.pawlowska254@example.com,Poland,Krakow
454,Sophia,Pawlowska,sophia.pawlowska255@mail.com,France,Toulouse
455,James,Dabrowska,james.dabrowska256@inbox.com,United States,Chicago
456,Amelia,Pawlowska,amelia.pawlowska257@mail.com,Germany,Cologne
457,Olivia,Brown,olivia.brown258@mail.com,Poland,Poznan
458,Sophia,Rodriguez,sophia.rodriguez259@example.com,Poland,Gdansk
459,Marta,Szymanska,marta.szymanska260@inbox.com,Italy,Rome
460,Andrew,Kowalska,andrew.kowalska261@shopper.net,Poland,Wroclaw
461,Chris,Jones,chris.jones262@mail.com,Germany,Frankfurt
462,Evelyn,Kowalska,evelyn.kowalska263@mail.com,Germany,Berlin
463,Chris,Davis,chris.davis264@shopper.net,Germany,Berlin
464,Mia,Kowalska,mia.kowalska265@inbox.com,Poland,Warsaw
465,Andrew,Jones,andrew.jones266@mail.com,United Kingdom,London
466,Michael,Nowak,michael.nowak267@mail.com,Poland,Gdansk
467,Evelyn,Brown,evelyn.brown268@mail.com,France,Nantes
468,Ewa,Pawlowska,ewa.pawlowska269@inbox.com,Germany,Hamburg
469,Maria,Pawlowska,maria.pawlowska270@inbox.com,United Kingdom,Birmingham
470,Katarzyna,Rodriguez,katarzyna.rodriguez271@shopper.net,Spain,Bilbao
471,Chris,Dabrowska,chris.dabrowska272@inbox.com,United States,Phoenix
472,Agnieszka,Rodriguez,agnieszka.rodriguez273@inbox.com,United Kingdom,Liverpool
473,Chris,Szymanska,chris.szymanska274@example.com,Germany,Frankfurt
474,Sophia,Szymanska,sophia.szymanska275@shopper.net,Germany,Munich
475,Chris,Wojcik,chris.wojcik276@mail.com,United States,Seattle
476,Amelia,Dabrowska,amelia.dabrowska277@inbox.com,Netherlands,The Hague
477,Chris,Rodriguez,chris.rodriguez278@mail.com,United States,Seattle
478,Maria,Pawlowska,maria.pawlowska279@mail.com,United Kingdom,Birmingham
479,Maria,Kaczmarek,maria.kaczmarek280@example.com,France,Marseille
480,Charlotte,Wilson,charlotte.wilson281@inbox.com,United Kingdom,Liverpool
481,Olivia,Jones,olivia.jones282@shopper.net,Poland,Krakow
482,Ava,Jones,ava.jones283@inbox.com,United States,Los Angeles
483,Agnieszka,Kowalska,agnieszka.kowalska284@mail.com,Netherlands,Groningen
484,Anna,Wilson,anna.wilson285@shopper.net,Poland,Poznan
485,Anna,Dabrowska,anna.dabrowska286@inbox.com,United States,Houston
486,Anthony,Lewandowska,anthony.lewandowska287@mail.com,Poland,Krakow
487,Evelyn,Szymanska,evelyn.szymanska288@mail.com,United Kingdom,London
488,Maria,Kowalska,maria.kowalska289@example.com,Poland,Gdansk
489,Emma,Zielinska,emma.zielinska290@example.com,United Kingdom,Liverpool
490,Michael,Kowalska,michael.kowalska291@example.com,France,Paris
491,Mia,Lewandowska,mia.lewandowska292@mail.com,Germany,Dresden
492,Paulina,Nowak,paulina.nowak293@inbox.com,United States,Chicago
493,Ava,Kaczmarek,ava.kaczmarek294@example.com,France,Marseille
494,Monika,Zielinska,monika.zielinska295@inbox.com,Italy,Milan
495,Ava,Kaczmarek,ava.kaczmarek296@example.com,Germany,Munich
496,John,Kowalska,john.kowalska297@shopper.net,Germany,Berlin
497,Sophia,Szymanska,sophia.szymanska298@shopper.net,Poland,Lodz
498,Amelia,Williams,amelia.williams299@example.com,Netherlands,Utrecht
499,Chris,Jones,chris.jones300@mail.com,Italy,Rome
500,Paulina,Lewandowska,paulina.lewandowska301@example.com,United Kingdom,Leeds
501,Sophia,Williams,sophia.williams302@example.com,Spain,Madrid
502,Agnieszka,Wilson,agnieszka.wilson303@mail.com,United Kingdom,Glasgow
503,Andrew,Jones,andrew.jones304@shopper.net,United States,New York
504,Maria,Pawlowska,maria.pawlowska305@inbox.com,Poland,Poznan
505,Paulina,Zielinska,paulina.zielinska306@example.com,France,Nice
506,Olivia,Jones,olivia.jones307@mail.com,Poland,Poznan
507,John,Lewandowska,john.lewandowska308@example.com,Spain,Seville
508,Daniel,Johnson,daniel.johnson309@mail.com,France,Paris
509,Daniel,Williams,daniel.williams310@inbox.com,United States,New York
510,Anna,Nowak,anna.nowak311@inbox.com,Poland,Wroclaw
511,Marta,Rodriguez,marta.rodriguez312@shopper.net,Germany,Hamburg
512,Charlotte,Rodriguez,charlotte.rodriguez313@mail.com,Germany,Munich
513,Amelia,Lewandowska,amelia.lewandowska314@mail.com,Germany,Berlin
514,Paulina,Lewandowska,paulina.lewandowska315@shopper.net,Poland,Krakow
515,Daniel,Smith,daniel.smith316@shopper.net,Italy,Bologna
516,Emily,Zielinska,emily.zielinska317@mail.com,United Kingdom,Liverpool
517,Katarzyna,Wilson,katarzyna.wilson318@shopper.net,Germany,Cologne
518,Andrew,Smith,andrew.smith319@inbox.com,Germany,Dresden
519,Charlotte,Kaczmarek,charlotte.kaczmarek320@example.com,United Kingdom,Liverpool
520,Amelia,Pawlowska,amelia.pawlowska321@inbox.com,United States,Chicago
521,Monika,Szymanska,monika.szymanska322@shopper.net,United Kingdom,Birmingham
522,Anthony,Szymanska,anthony.szymanska323@mail.com,Italy,Florence
523,Mia,Pawlowska,mia.pawlowska324@mail.com,United Kingdom,Liverpool
524,Katarzyna,Jones,katarzyna.jones325@inbox.com,Netherlands,Eindhoven
525,Anthony,Brown,anthony.brown326@mail.com,Spain,Bilbao
526,Andrew,Smith,andrew.smith327@shopper.net,Poland,Poznan
527,Ewa,Johnson,ewa.johnson328@inbox.com,Italy,Milan
528,Andrew,Williams,andrew.williams329@mail.com,Poland,Poznan
529,Marta,Pawlowska,marta.pawlowska330@example.com,Spain,Bilbao
530,Anna,Garcia,anna.garcia331@example.com,Germany,Hamburg
531,Joanna,Kowalska,joanna.kowalska332@shopper.net,Spain,Valencia
532,Ewa,Jones,ewa.jones333@mail.com,Spain,Malaga
533,Mark,Pawlowska,mark.pawlowska334@shopper.net,France,Lyon
534,Joanna,Smith,joanna.smith335@inbox.com,France,Paris
535,Anna,Johnson,anna.johnson336@example.com,Germany,Munich
536,John,Johnson,john.johnson337@inbox.com,Poland,Krakow
537,Charlotte,Lewandowska,charlotte.lewandowska338@mail.com,United Kingdom,Leeds
538,Isabella,Miller,isabella.miller339@shopper.net,Poland,Lodz
539,Isabella,Lewandowska,isabella.lewandowska340@shopper.net,United States,Houston
540,Mark,Zielinska,mark.zielinska341@shopper.net,Germany,Munich
541,Ava,Zielinska,ava.zielinska342@inbox.com,Netherlands,Rotterdam
542,Evelyn,Pawlowska,evelyn.pawlowska343@example.com,United States,Los Angeles
543,Magdalena,Kaczmarek,magdalena.kaczmarek344@inbox.com,Spain,Bilbao
544,Katarzyna,Davis,katarzyna.davis345@inbox.com,Poland,Wroclaw
545,Ewa,Michalska,ewa.michalska346@mail.com,Spain,Barcelona
546,Charlotte,Rodriguez,charlotte.rodriguez347@mail.com,Italy,Florence
547,Daniel,Brown,daniel.brown348@mail.com,United Kingdom,Liverpool
548,Mia,Pawlowska,mia.pawlowska349@example.com,United States,Seattle
549,Daniel,Michalska,daniel.michalska350@example.com,France,Marseille
550,Isabella,Smith,isabella.smith351@mail.com,Poland,Lodz
551,Andrew,Kowalska,andrew.kowalska352@mail.com,United Kingdom,Glasgow
552,Charlotte,Brown,charlotte.brown353@example.com,Germany,Frankfurt
553,Chris,Zielinska,chris.zielinska354@shopper.net,Poland,Warsaw
554,Maria,Brown,maria.brown355@example.com,Germany,Berlin
555,Anna,Lewandowska,anna.lewandowska356@example.com,Poland,Warsaw
556,Daniel,Kowalska,daniel.kowalska357@example.com,Poland,Lodz
557,Evelyn,Rodriguez,evelyn.rodriguez358@mail.com,Poland,Poznan
558,Michael,Pawlowska,michael.pawlowska359@shopper.net,Netherlands,The Hague
559,Agnieszka,Jones,agnieszka.jones360@example.com,United Kingdom,Glasgow
560,Agnieszka,Jones,agnieszka.jones361@mail.com,Netherlands,Utrecht
561,Amelia,Michalska,amelia.michalska362@inbox.com,United Kingdom,Glasgow
562,Ava,Michalska,ava.michalska363@inbox.com,Germany,Hamburg
563,Marta,Kaczmarek,marta.kaczmarek364@example.com,United Kingdom,London
564,Marta,Wilson,marta.wilson365@inbox.com,United Kingdom,London
565,Katarzyna,Michalska,katarzyna.michalska366@shopper.net,Poland,Lodz
566,Anthony,Wojcik,anthony.wojcik367@inbox.com,United States,New York
567,Daniel,Wilson,daniel.wilson368@inbox.com,Poland,Lodz
568,Daniel,Smith,daniel.smith369@shopper.net,United States,Los Angeles
569,Katarzyna,Szymanska,katarzyna.szymanska370@example.com,United States,Los Angeles
570,Andrew,Nowak,andrew.nowak371@example.com,Poland,Wroclaw
571,Sophia,Dabrowska,sophia.dabrowska372@shopper.net,Poland,Lodz
572,Olivia,Garcia,olivia.garcia373@shopper.net,France,Toulouse
573,Sophia,Nowak,sophia.nowak374@shopper.net,United Kingdom,Leeds
574,Anna,Davis,anna.davis375@inbox.com,Poland,Krakow
575,Sophia,Smith,sophia.smith376@shopper.net,Netherlands,Groningen
576,Andrew,Johnson,andrew.johnson377@mail.com,Poland,Krakow
577,John,Rodriguez,john.rodriguez378@inbox.com,United States,Houston
578,Chris,Dabrowska,chris.dabrowska379@example.com,Netherlands,Groningen
579,Joanna,Wilson,joanna.wilson380@example.com,Germany,Cologne
580,Monika,Szymanska,monika.szymanska381@example.com,Poland,Poznan
581,Paulina,Kowalska,paulina.kowalska382@inbox.com,Poland,Lodz
582,Joanna,Davis,joanna.davis383@mail.com,Germany,Dresden
583,Andrew,Smith,andrew.smith384@shopper.net,Poland,Wroclaw
584,Evelyn,Garcia,evelyn.garcia385@shopper.net,United States,Phoenix
585,Katarzyna,Davis,katarzyna.davis386@example.com,Poland,Gdansk
586,Daniel,Dabrowska,daniel.dabrowska387@example.com,United Kingdom,Manchester
587,Evelyn,Davis,evelyn.davis388@inbox.com,Netherlands,Eindhoven
588,Isabella,Wilson,isabella.wilson389@mail.com,Spain,Malaga
589,Katarzyna,Michalska,katarzyna.michalska390@shopper.net,United States,Los Angeles
590,Isabella,Davis,isabella.davis391@inbox.com,Germany,Munich
591,Emily,Wilson,emily.wilson392@shopper.net,United States,Los Angeles
592,Mark,Pawlowska,mark.pawlowska393@example.com,United Kingdom,Birmingham
593,Robert,Davis,robert.davis394@shopper.net,United Kingdom,London
594,Mark,Dabrowska,mark.dabrowska395@mail.com,Poland,Wroclaw
595,Maria,Kowalska,maria.kowalska396@mail.com,Spain,Madrid
596,Olivia,Williams,olivia.williams397@example.com,United Kingdom,London
597,Katarzyna,Rodriguez,katarzyna.rodriguez398@mail.com,Poland,Warsaw
598,Daniel,Rodriguez,daniel.rodriguez399@mail.com,Germany,Munich
599,Emily,Davis,emily.davis400@inbox.com,United Kingdom,Glasgow
600,Marta,Williams,marta.williams401@shopper.net,Spain,Barcelona
601,Monika,Miller,monika.miller402@example.com,France,Lyon
602,Anna,Pawlowska,anna.pawlowska403@example.com,France,Nantes
603,Monika,Rodriguez,monika.rodriguez404@example.com,Poland,Lodz
604,Anna,Garcia,anna.garcia405@example.com,United Kingdom,London
605,Robert,Kowalska,robert.kowalska406@example.com,United Kingdom,Manchester
606,Emma,Brown,emma.brown407@mail.com,Poland,Warsaw
607,Daniel,Rodriguez,daniel.rodriguez408@inbox.com,Germany,Dresden
608,Andrew,Jones,andrew.jones409@example.com,France,Nice
609,Sophia,Garcia,sophia.garcia410@inbox.com,Poland,Wroclaw
610,Joanna,Nowak,joanna.nowak411@inbox.com,United Kingdom,London
611,Ewa,Davis,ewa.davis412@mail.com,Poland,Poznan
612,Katarzyna,Garcia,katarzyna.garcia413@example.com,Poland,Wroclaw
613,Chris,Szymanska,chris.szymanska414@mail.com,Germany,Hamburg
614,Anna,Rodriguez,anna.rodriguez415@example.com,Netherlands,Amsterdam
615,Daniel,Lewandowska,daniel.lewandowska416@mail.com,France,Paris
616,Michael,Kowalska,michael.kowalska417@inbox.com,Netherlands,Utrecht
617,Amelia,Pawlowska,amelia.pawlowska418@example.com,United Kingdom,Birmingham
618,Anthony,Dabrowska,anthony.dabrowska419@shopper.net,Poland,Warsaw
619,Olivia,Wojcik,olivia.wojcik420@inbox.com,United Kingdom,Birmingham
620,Ava,Kaczmarek,ava.kaczmarek421@shopper.net,United Kingdom,Manchester
621,Olivia,Kaczmarek,olivia.kaczmarek422@inbox.com,Spain,Seville
622,Robert,Rodriguez,robert.rodriguez423@mail.com,Poland,Wroclaw
623,Evelyn,Brown,evelyn.brown424@example.com,United Kingdom,Leeds
624,Paulina,Nowak,paulina.nowak425@inbox.com,Poland,Krakow
625,Paulina,Kowalska,paulina.kowalska426@mail.com,Germany,Hamburg
626,David,Garcia,david.garcia427@example.com,France,Nice
627,Anthony,Dabrowska,anthony.dabrowska428@example.com,United Kingdom,Birmingham
628,Olivia,Pawlowska,olivia.pawlowska429@inbox.com,Germany,Berlin
629,Joanna,Kowalska,joanna.kowalska430@example.com,Germany,Dresden
630,Amelia,Wojcik,amelia.wojcik431@inbox.com,United Kingdom,Leeds
631,Amelia,Pawlowska,amelia.pawlowska432@example.com,France,Marseille
632,Maria,Jones,maria.jones433@shopper.net,Italy,Turin
633,Emma,Zielinska,emma.zielinska434@mail.com,Netherlands,Amsterdam
634,Evelyn,Wojcik,evelyn.wojcik435@shopper.net,France,Lyon
635,Anna,Rodriguez,anna.rodriguez436@inbox.com,Germany,Munich
636,Charlotte,Kowalska,charlotte.kowalska437@shopper.net,United States,Phoenix
637,James,Jones,james.jones438@inbox.com,United Kingdom,London
638,Anna,Pawlowska,anna.pawlowska439@example.com,Germany,Cologne
639,Agnieszka,Nowak,agnieszka.nowak440@example.com,Spain,Valencia
640,Charlotte,Wojcik,charlotte.wojcik441@inbox.com,Poland,Warsaw
641,Emily,Brown,emily.brown442@shopper.net,Italy,Milan
642,Daniel,Brown,daniel.brown443@example.com,United Kingdom,Glasgow
643,Anthony,Smith,anthony.smith444@mail.com,United States,Phoenix
644,Monika,Miller,monika.miller445@example.com,United States,Chicago
645,Katarzyna,Lewandowska,katarzyna.lewandowska446@mail.com,Italy,Turin
646,Chris,Wilson,chris.wilson447@shopper.net,United States,Phoenix
647,Chris,Zielinska,chris.zielinska448@mail.com,United States,New York
648,Michael,Brown,michael.brown449@mail.com,Poland,Wroclaw
649,Charlotte,Miller,charlotte.miller450@mail.com,United Kingdom,Birmingham
650,Evelyn,Garcia,evelyn.garcia451@mail.com,Poland,Warsaw
651,Emily,Dabrowska,emily.dabrowska452@example.com,France,Toulouse
652,Robert,Kaczmarek,robert.kaczmarek453@mail.com,United Kingdom,London
653,Emma,Dabrowska,emma.dabrowska454@example.com,United States,Seattle
654,Paulina,Kowalska,paulina.kowalska455@mail.com,Poland,Warsaw
655,Katarzyna,Rodriguez,katarzyna.rodriguez456@inbox.com,Poland,Poznan
656,Charlotte,Miller,charlotte.miller457@shopper.net,France,Toulouse
657,Marta,Rodriguez,marta.rodriguez458@mail.com,Poland,Gdansk
658,Agnieszka,Lewandowska,agnieszka.lewandowska459@inbox.com,Poland,Gdansk
659,Sophia,Garcia,sophia.garcia460@mail.com,Poland,Wroclaw
660,Emily,Nowak,emily.nowak461@mail.com,Netherlands,The Hague
661,Chris,Kowalska,chris.kowalska462@mail.com,France,Lyon
662,Robert,Jones,robert.jones463@inbox.com,Germany,Berlin
663,Emma,Zielinska,emma.zielinska464@shopper.net,Germany,Frankfurt
664,Katarzyna,Wilson,katarzyna.wilson465@inbox.com,Germany,Dresden
665,Charlotte,Smith,charlotte.smith466@shopper.net,France,Toulouse
666,Anna,Kaczmarek,anna.kaczmarek467@mail.com,United States,New York
667,Andrew,Nowak,andrew.nowak468@example.com,Poland,Gdansk
668,Emily,Wojcik,emily.wojcik469@mail.com,Poland,Krakow
669,Emma,Johnson,emma.johnson470@shopper.net,Poland,Lodz
670,Ava,Wilson,ava.wilson471@inbox.com,United States,Chicago
671,Anna,Zielinska,anna.zielinska472@mail.com,France,Toulouse
672,Katarzyna,Zielinska,katarzyna.zielinska473@inbox.com,Germany,Berlin
673,Mark,Szymanska,mark.szymanska474@inbox.com,Poland,Wroclaw
674,Isabella,Michalska,isabella.michalska475@inbox.com,Poland,Warsaw
675,Magdalena,Nowak,magdalena.nowak476@mail.com,Netherlands,The Hague
676,Olivia,Johnson,olivia.johnson477@inbox.com,Germany,Munich
677,Mia,Wojcik,mia.wojcik478@inbox.com,France,Nice
678,Katarzyna,Wilson,katarzyna.wilson479@mail.com,United States,Phoenix
679,Joanna,Johnson,joanna.johnson480@inbox.com,Germany,Cologne
680,Robert,Davis,robert.davis481@mail.com,Poland,Krakow
681,Sophia,Kaczmarek,sophia.kaczmarek482@shopper.net,Poland,Warsaw
682,Mark,Brown,mark.brown483@shopper.net,United States,New York
683,James,Davis,james.davis484@shopper.net,France,Nantes
684,Olivia,Garcia,olivia.garcia485@inbox.com,United States,Chicago
685,Ava,Rodriguez,ava.rodriguez486@example.com,United Kingdom,Liverpool
686,Maria,Davis,maria.davis487@example.com,Poland,Lodz
687,Amelia,Brown,amelia.brown488@inbox.com,Netherlands,Amsterdam
688,Magdalena,Michalska,magdalena.michalska489@example.com,France,Toulouse
689,Maria,Pawlowska,maria.pawlowska490@mail.com,Germany,Frankfurt
690,Mia,Nowak,mia.nowak491@example.com,Netherlands,The Hague
691,Chris,Williams,chris.williams492@inbox.com,United States,Phoenix
692,Joanna,Dabrowska,joanna.dabrowska493@inbox.com,United States,Los Angeles
693,Anna,Michalska,anna.michalska494@mail.com,France,Paris
694,Marta,Smith,marta.smith495@shopper.net,Spain,Seville
695,John,Brown,john.brown496@inbox.com,United States,Los Angeles
696,Olivia,Lewandowska,olivia.lewandowska497@mail.com,Poland,Gdansk
697,Daniel,Williams,daniel.williams498@example.com,Germany,Cologne
698,Ewa,Nowak,ewa.nowak499@example.com,Italy,Bologna
699,Emily,Zielinska,emily.zielinska500@mail.com,Germany,Cologne
700,Magdalena,Smith,magdalena.smith501@mail.com,Germany,Cologne
701,Ava,Szymanska,ava.szymanska502@inbox.com,United Kingdom,Glasgow
702,Mia,Garcia,mia.garcia503@example.com,United Kingdom,Leeds
703,Katarzyna,Kaczmarek,katarzyna.kaczmarek504@mail.com,United States,Seattle
704,Mark,Lewandowska,mark.lewandowska505@example.com,Italy,Bologna
705,Isabella,Michalska,isabella.michalska506@mail.com,Germany,Berlin
706,Sophia,Szymanska,sophia.szymanska507@example.com,Poland,Wroclaw
707,David,Nowak,david.nowak508@shopper.net,Poland,Poznan
708,Charlotte,Davis,charlotte.davis509@inbox.com,Spain,Seville
709,Mia,Zielinska,mia.zielinska510@example.com,United States,Chicago
710,Ewa,Szymanska,ewa.szymanska511@shopper.net,Germany,Hamburg
711,Isabella,Johnson,isabella.johnson512@example.com,Spain,Bilbao
712,Monika,Kaczmarek,monika.kaczmarek513@example.com,Spain,Madrid
713,David,Szymanska,david.szymanska514@shopper.net,Spain,Madrid
714,Andrew,Pawlowska,andrew.pawlowska515@example.com,Italy,Bologna
715,Anna,Nowak,anna.nowak516@example.com,Germany,Dresden
716,Joanna,Johnson,joanna.johnson517@inbox.com,France,Lyon
717,Robert,Williams,robert.williams518@shopper.net,United Kingdom,Glasgow
718,Daniel,Dabrowska,daniel.dabrowska519@shopper.net,Spain,Seville
719,Robert,Kaczmarek,robert.kaczmarek520@mail.com,France,Nice
720,Michael,Williams,michael.williams521@example.com,France,Lyon
721,Anthony,Davis,anthony.davis522@inbox.com,United States,Seattle
722,Ava,Brown,ava.brown523@example.com,Poland,Poznan
723,James,Nowak,james.nowak524@example.com,United Kingdom,Glasgow
724,Charlotte,Smith,charlotte.smith525@mail.com,Netherlands,Groningen
725,Maria,Kowalska,maria.kowalska526@example.com,Italy,Milan
726,Maria,Rodriguez,maria.rodriguez527@inbox.com,Poland,Lodz
727,Ava,Lewandowska,ava.lewandowska528@inbox.com,Poland,Warsaw
728,Olivia,Rodriguez,olivia.rodriguez529@mail.com,Poland,Wroclaw
729,Anthony,Smith,anthony.smith530@example.com,France,Nantes
730,Isabella,Pawlowska,isabella.pawlowska531@inbox.com,Spain,Barcelona
731,Mia,Smith,mia.smith532@example.com,Poland,Gdansk
732,Evelyn,Lewandowska,evelyn.lewandowska533@example.com,United Kingdom,London
733,Emily,Davis,emily.davis534@example.com,Spain,Valencia
734,Olivia,Dabrowska,olivia.dabrowska535@mail.com,France,Nantes
735,Mia,Pawlowska,mia.pawlowska536@example.com,United Kingdom,London
736,Mia,Wojcik,mia.wojcik537@inbox.com,United States,Houston
737,Olivia,Nowak,olivia.nowak538@example.com,United Kingdom,Liverpool
738,Chris,Jones,chris.jones539@inbox.com,Germany,Cologne
739,Andrew,Zielinska,andrew.zielinska540@example.com,United States,Phoenix
740,Magdalena,Kowalska,magdalena.kowalska541@inbox.com,United States,Chicago
741,Paulina,Lewandowska,paulina.lewandowska542@inbox.com,Spain,Madrid
742,James,Jones,james.jones543@example.com,United States,Houston
743,Olivia,Wilson,olivia.wilson544@example.com,France,Lyon
744,John,Rodriguez,john.rodriguez545@inbox.com,Poland,Wroclaw
745,Charlotte,Wojcik,charlotte.wojcik546@shopper.net,United Kingdom,Manchester
746,Agnieszka,Wilson,agnieszka.wilson547@mail.com,Poland,Lodz
747,Anna,Smith,anna.smith548@shopper.net,Germany,Berlin
748,Joanna,Davis,joanna.davis549@shopper.net,France,Toulouse
749,Emma,Williams,emma.williams550@example.com,Netherlands,Eindhoven
750,Charlotte,Smith,charlotte.smith551@mail.com,Poland,Warsaw
751,Michael,Nowak,michael.nowak552@shopper.net,United Kingdom,Leeds
752,Michael,Michalska,michael.michalska553@example.com,France,Lyon
753,Agnieszka,Nowak,agnieszka.nowak554@shopper.net,Poland,Wroclaw
754,Ewa,Michalska,ewa.michalska555@shopper.net,United Kingdom,Birmingham
755,Monika,Michalska,monika.michalska556@example.com,France,Nantes
756,Paulina,Pawlowska,paulina.pawlowska557@example.com,United States,Phoenix
757,David,Davis,david.davis558@example.com,Poland,Krakow
758,Andrew,Kowalska,andrew.kowalska559@mail.com,Germany,Hamburg
759,Evelyn,Smith,evelyn.smith560@shopper.net,France,Nantes
760,James,Pawlowska,james.pawlowska561@example.com,United Kingdom,London
761,Katarzyna,Kaczmarek,katarzyna.kaczmarek562@inbox.com,Poland,Krakow
762,Ava,Dabrowska,ava.dabrowska563@shopper.net,France,Nice
763,Joanna,Wojcik,joanna.wojcik564@inbox.com,Poland,Lodz
764,Andrew,Wojcik,andrew.wojcik565@mail.com,France,Nice
765,Daniel,Garcia,daniel.garcia566@example.com,Poland,Warsaw
766,David,Zielinska,david.zielinska567@inbox.com,Netherlands,Amsterdam
767,Mark,Johnson,mark.johnson568@mail.com,Germany,Munich
768,Charlotte,Johnson,charlotte.johnson569@example.com,Germany,Cologne
769,Magdalena,Rodriguez,magdalena.rodriguez570@inbox.com,Poland,Warsaw
770,Evelyn,Szymanska,evelyn.szymanska571@inbox.com,Germany,Dresden
771,Anthony,Nowak,anthony.nowak572@mail.com,Spain,Seville
772,Chris,Johnson,chris.johnson573@example.com,Netherlands,Utrecht
773,Sophia,Rodriguez,sophia.rodriguez574@example.com,Germany,Frankfurt
774,Anthony,Zielinska,anthony.zielinska575@inbox.com,United Kingdom,Leeds
775,Charlotte,Johnson,charlotte.johnson576@inbox.com,France,Nice
776,Mia,Davis,mia.davis577@inbox.com,Spain,Seville
777,Ava,Davis,ava.davis578@example.com,United States,Chicago
778,Mia,Kaczmarek,mia.kaczmarek579@mail.com,Germany,Berlin
779,Agnieszka,Davis,agnieszka.davis580@mail.com,United Kingdom,Birmingham
780,Mia,Jones,mia.jones581@example.com,United States,New York
781,Emma,Johnson,emma.johnson582@shopper.net,Poland,Warsaw
782,Evelyn,Miller,evelyn.miller583@mail.com,United States,Phoenix
783,Ava,Rodriguez,ava.rodriguez584@inbox.com,Germany,Dresden
784,Marta,Pawlowska,marta.pawlowska585@shopper.net,France,Marseille
785,Michael,Davis,michael.davis586@shopper.net,Poland,Wroclaw
786,Emma,Zielinska,emma.zielinska587@mail.com,United States,Chicago
787,Anna,Miller,anna.miller588@shopper.net,United Kingdom,Glasgow
788,Mia,Szymanska,mia.szymanska589@shopper.net,United States,New York
789,Mia,Pawlowska,mia.pawlowska590@mail.com,Poland,Poznan
790,Anna,Garcia,anna.garcia591@mail.com,United States,Los Angeles
791,James,Johnson,james.johnson592@shopper.net,United States,Los Angeles
792,Maria,Jones,maria.jones593@inbox.com,United States,Houston
793,Evelyn,Michalska,evelyn.michalska594@example.com,United States,Phoenix
794,Olivia,Williams,olivia.williams595@shopper.net,United States,Houston
795,Daniel,Jones,daniel.jones596@shopper.net,France,Toulouse
796,Isabella,Kaczmarek,isabella.kaczmarek597@inbox.com,Germany,Munich
797,Joanna,Miller,joanna.miller598@shopper.net,Spain,Seville
798,David,Dabrowska,david.dabrowska599@shopper.net,United Kingdom,Manchester
799,Emma,Davis,emma.davis600@example.com,Poland,Warsaw
800,Anna,Dabrowska,anna.dabrowska601@example.com,Poland,Poznan
801,Daniel,Brown,daniel.brown602@example.com,Germany,Cologne
802,Emily,Jones,emily.jones603@mail.com,France,Lyon
803,Ewa,Dabrowska,ewa.dabrowska604@mail.com,United States,Chicago
804,Agnieszka,Michalska,agnieszka.michalska605@example.com,France,Toulouse
805,Olivia,Rodriguez,olivia.rodriguez606@example.com,United Kingdom,Liverpool
806,Emily,Miller,emily.miller607@mail.com,United Kingdom,London
807,Ava,Pawlowska,ava.pawlowska608@inbox.com,Poland,Warsaw
808,Katarzyna,Garcia,katarzyna.garcia609@shopper.net,Germany,Hamburg
809,Michael,Garcia,michael.garcia610@shopper.net,United Kingdom,Manchester
810,Mia,Wilson,mia.wilson611@example.com,Poland,Wroclaw
811,Daniel,Dabrowska,daniel.dabrowska612@inbox.com,Germany,Munich
812,Anthony,Wojcik,anthony.wojcik613@mail.com,United States,New York
813,Agnieszka,Garcia,agnieszka.garcia614@example.com,France,Lyon
814,Olivia,Kaczmarek,olivia.kaczmarek615@inbox.com,Netherlands,Amsterdam
815,Isabella,Dabrowska,isabella.dabrowska616@inbox.com,Italy,Milan
816,Emily,Davis,emily.davis617@inbox.com,United States,Chicago
817,Robert,Brown,robert.brown618@mail.com,United Kingdom,Glasgow
818,Charlotte,Wojcik,charlotte.wojcik619@mail.com,United States,Chicago
819,Agnieszka,Johnson,agnieszka.johnson620@shopper.net,France,Marseille
820,James,Williams,james.williams621@shopper.net,Poland,Poznan
821,Chris,Nowak,chris.nowak622@inbox.com,United Kingdom,Glasgow
822,Evelyn,Wojcik,evelyn.wojcik623@inbox.com,Spain,Seville
823,Robert,Zielinska,robert.zielinska624@mail.com,Germany,Cologne
824,Evelyn,Smith,evelyn.smith625@shopper.net,United States,Chicago
825,Andrew,Pawlowska,andrew.pawlowska626@inbox.com,United States,Chicago
826,Agnieszka,Johnson,agnieszka.johnson627@shopper.net,Poland,Warsaw
827,Michael,Dabrowska,michael.dabrowska628@shopper.net,Germany,Berlin
828,Daniel,Jones,daniel.jones629@inbox.com,Germany,Cologne
829,Mia,Davis,mia.davis630@mail.com,Poland,Lodz
830,Mia,Lewandowska,mia.lewandowska631@inbox.com,Poland,Lodz
831,Daniel,Williams,daniel.williams632@inbox.com,Spain,Seville
832,Emma,Garcia,emma.garcia633@shopper.net,Germany,Berlin
833,Ewa,Kowalska,ewa.kowalska634@inbox.com,United Kingdom,London
834,Monika,Miller,monika.miller635@mail.com,Germany,Dresden
835,Anna,Williams,anna.williams636@inbox.com,Italy,Milan
836,Evelyn,Kaczmarek,evelyn.kaczmarek637@mail.com,Germany,Munich
837,Evelyn,Johnson,evelyn.johnson638@mail.com,United Kingdom,London
838,Agnieszka,Nowak,agnieszka.nowak639@shopper.net,Spain,Barcelona
839,Ava,Wojcik,ava.wojcik640@example.com,Spain,Bilbao
840,Mia,Kaczmarek,mia.kaczmarek641@example.com,Poland,Wroclaw
841,Magdalena,Nowak,magdalena.nowak642@shopper.net,France,Toulouse
842,Olivia,Williams,olivia.williams643@inbox.com,United Kingdom,London
843,Agnieszka,Williams,agnieszka.williams644@shopper.net,United Kingdom,Birmingham
844,Monika,Garcia,monika.garcia645@mail.com,Poland,Lodz
845,Maria,Wojcik,maria.wojcik646@example.com,Poland,Warsaw
846,Andrew,Dabrowska,andrew.dabrowska647@shopper.net,France,Lyon
847,Magdalena,Brown,magdalena.brown648@inbox.com,United Kingdom,Liverpool
848,Mia,Wilson,mia.wilson649@shopper.net,United Kingdom,Birmingham
849,Anthony,Davis,anthony.davis650@example.com,France,Lyon
850,Mia,Johnson,mia.johnson651@shopper.net,France,Nice
851,Anna,Miller,anna.miller652@shopper.net,Poland,Krakow
852,Sophia,Johnson,sophia.johnson653@example.com,United States,Phoenix
853,Agnieszka,Jones,agnieszka.jones654@mail.com,Poland,Lodz
854,David,Kaczmarek,david.kaczmarek655@mail.com,France,Nice
855,Monika,Dabrowska,monika.dabrowska656@example.com,United States,Seattle
856,Daniel,Wilson,daniel.wilson657@shopper.net,Netherlands,Groningen
857,Sophia,Zielinska,sophia.zielinska658@example.com,Poland,Lodz
858,Daniel,Kowalska,daniel.kowalska659@mail.com,Poland,Lodz
859,Ava,Davis,ava.davis660@inbox.com,Germany,Dresden
860,Maria,Wojcik,maria.wojcik661@shopper.net,Germany,Munich
861,Chris,Williams,chris.williams662@mail.com,Germany,Dresden
862,Charlotte,Brown,charlotte.brown663@shopper.net,Italy,Milan
863,Amelia,Garcia,amelia.garcia664@example.com,Germany,Dresden
864,Andrew,Lewandowska,andrew.lewandowska665@inbox.com,Germany,Frankfurt
865,Sophia,Garcia,sophia.garcia666@example.com,France,Nantes
866,Michael,Zielinska,michael.zielinska667@inbox.com,United Kingdom,Birmingham
867,Mark,Miller,mark.miller668@shopper.net,France,Nantes
868,Katarzyna,Kowalska,katarzyna.kowalska669@shopper.net,Poland,Lodz
869,Charlotte,Brown,charlotte.brown670@example.com,United Kingdom,Glasgow
870,Anna,Jones,anna.jones671@inbox.com,Poland,Wroclaw
871,Anna,Michalska,anna.michalska672@inbox.com,Poland,Poznan
872,Emily,Jones,emily.jones673@shopper.net,Italy,Florence
873,Anthony,Davis,anthony.davis674@example.com,Poland,Wroclaw
874,John,Lewandowska,john.lewandowska675@inbox.com,United Kingdom,London
875,Agnieszka,Johnson,agnieszka.johnson676@shopper.net,United Kingdom,London
876,Michael,Zielinska,michael.zielinska677@mail.com,Germany,Hamburg
877,Katarzyna,Zielinska,katarzyna.zielinska678@example.com,Italy,Turin
878,Anna,Smith,anna.smith679@mail.com,Poland,Krakow
879,Anna,Szymanska,anna.szymanska680@example.com,United States,Chicago
880,Joanna,Dabrowska,joanna.dabrowska681@shopper.net,Netherlands,Eindhoven
881,Magdalena,Brown,magdalena.brown682@inbox.com,United States,Houston
882,John,Smith,john.smith683@inbox.com,Italy,Bologna
883,Michael,Williams,michael.williams684@inbox.com,Poland,Warsaw
884,Emily,Nowak,emily.nowak685@example.com,United Kingdom,Leeds
885,David,Dabrowska,david.dabrowska686@shopper.net,Germany,Hamburg
886,Michael,Wilson,michael.wilson687@mail.com,France,Toulouse
887,Robert,Lewandowska,robert.lewandowska688@shopper.net,Netherlands,Utrecht
888,Maria,Pawlowska,maria.pawlowska689@mail.com,Germany,Munich
889,Emily,Wilson,emily.wilson690@example.com,United States,Seattle
890,Anthony,Rodriguez,anthony.rodriguez691@example.com,Poland,Warsaw
891,Mark,Williams,mark.williams692@mail.com,United States,Houston
892,Katarzyna,Brown,katarzyna.brown693@mail.com,United Kingdom,Birmingham
893,Ava,Kaczmarek,ava.kaczmarek694@mail.com,Netherlands,The Hague
894,Chris,Smith,chris.smith695@shopper.net,United States,New York
895,Mia,Nowak,mia.nowak696@mail.com,Germany,Munich
896,Joanna,Michalska,joanna.michalska697@example.com,Poland,Gdansk
897,Emily,Davis,emily.davis698@example.com,Poland,Lodz
898,Mia,Wojcik,mia.wojcik699@inbox.com,Germany,Dresden
899,Magdalena,Szymanska,magdalena.szymanska700@mail.com,Germany,Munich
900,Mia,Zielinska,mia.zielinska701@shopper.net,Spain,Barcelona
901,Evelyn,Zielinska,evelyn.zielinska702@shopper.net,United States,Seattle
902,Maria,Jones,maria.jones703@shopper.net,United Kingdom,Leeds
903,Anthony,Davis,anthony.davis704@inbox.com,Poland,Wroclaw
904,Marta,Michalska,marta.michalska705@example.com,Spain,Valencia
905,Ewa,Wojcik,ewa.wojcik706@shopper.net,France,Nice
906,Monika,Wilson,monika.wilson707@example.com,Poland,Gdansk
907,Mia,Davis,mia.davis708@inbox.com,United States,Phoenix
908,Emma,Kaczmarek,emma.kaczmarek709@mail.com,United Kingdom,Manchester
909,Mark,Wojcik,mark.wojcik710@mail.com,Poland,Warsaw
910,David,Garcia,david.garcia711@mail.com,United Kingdom,Birmingham
911,John,Garcia,john.garcia712@shopper.net,United Kingdom,Birmingham
912,Emily,Davis,emily.davis713@mail.com,Poland,Poznan
913,Sophia,Wojcik,sophia.wojcik714@shopper.net,Italy,Milan
914,Monika,Wojcik,monika.wojcik715@inbox.com,Spain,Barcelona
915,Isabella,Szymanska,isabella.szymanska716@inbox.com,United States,Phoenix
916,Emma,Williams,emma.williams717@shopper.net,United Kingdom,Manchester
917,Emily,Jones,emily.jones718@example.com,United Kingdom,Liverpool
918,Isabella,Michalska,isabella.michalska719@mail.com,United States,Houston
919,Monika,Lewandowska,monika.lewandowska720@mail.com,United Kingdom,Liverpool
920,Magdalena,Brown,magdalena.brown721@mail.com,Poland,Warsaw
921,Agnieszka,Zielinska,agnieszka.zielinska722@shopper.net,United Kingdom,Birmingham
922,Marta,Nowak,marta.nowak723@inbox.com,France,Paris
923,Sophia,Smith,sophia.smith724@mail.com,United Kingdom,Birmingham
924,Katarzyna,Michalska,katarzyna.michalska725@inbox.com,Poland,Wroclaw
925,Chris,Wojcik,chris.wojcik726@mail.com,France,Lyon
926,Katarzyna,Michalska,katarzyna.michalska727@mail.com,Poland,Lodz
927,Daniel,Wojcik,daniel.wojcik728@shopper.net,Germany,Frankfurt
928,Monika,Nowak,monika.nowak729@example.com,Poland,Lodz
929,Mark,Johnson,mark.johnson730@shopper.net,Germany,Cologne
930,Chris,Kaczmarek,chris.kaczmarek731@mail.com,France,Paris
931,Ewa,Michalska,ewa.michalska732@mail.com,United Kingdom,Glasgow
932,Sophia,Jones,sophia.jones733@example.com,Poland,Krakow
933,Ava,Pawlowska,ava.pawlowska734@inbox.com,Spain,Seville
934,Evelyn,Zielinska,evelyn.zielinska735@inbox.com,Spain,Bilbao
935,Agnieszka,Smith,agnieszka.smith736@mail.com,Spain,Seville
936,Michael,Nowak,michael.nowak737@inbox.com,Germany,Cologne
937,Chris,Jones,chris.jones738@mail.com,United Kingdom,Manchester
938,Ava,Szymanska,ava.szymanska739@example.com,Netherlands,Utrecht
939,David,Pawlowska,david.pawlowska740@example.com,France,Nice
940,Ava,Zielinska,ava.zielinska741@mail.com,Poland,Krakow
941,Isabella,Miller,isabella.miller742@example.com,Poland,Wroclaw
942,Katarzyna,Garcia,katarzyna.garcia743@shopper.net,United Kingdom,Manchester
943,Marta,Szymanska,marta.szymanska744@shopper.net,Italy,Florence
944,Evelyn,Zielinska,evelyn.zielinska745@example.com,United Kingdom,Liverpool
945,Chris,Miller,chris.miller746@mail.com,United Kingdom,Glasgow
946,Chris,Williams,chris.williams747@mail.com,Poland,Gdansk
947,Evelyn,Zielinska,evelyn.zielinska748@example.com,United States,New York
948,Andrew,Williams,andrew.williams749@inbox.com,Spain,Bilbao
949,Daniel,Davis,daniel.davis750@shopper.net,Germany,Hamburg
950,Isabella,Garcia,isabella.garcia751@inbox.com,France,Toulouse
951,Olivia,Pawlowska,olivia.pawlowska752@mail.com,Netherlands,The Hague
952,David,Williams,david.williams753@mail.com,Poland,Poznan
953,Amelia,Rodriguez,amelia.rodriguez754@inbox.com,United Kingdom,Manchester
954,Anthony,Wojcik,anthony.wojcik755@example.com,Germany,Cologne
955,Chris,Pawlowska,chris.pawlowska756@inbox.com,France,Paris
956,Monika,Nowak,monika.nowak757@inbox.com,United States,Seattle
957,Michael,Pawlowska,michael.pawlowska758@shopper.net,United States,Chicago
958,Emily,Williams,emily.williams759@shopper.net,France,Lyon
959,Marta,Williams,marta.williams760@inbox.com,Germany,Hamburg
960,Anthony,Kowalska,anthony.kowalska761@inbox.com,Italy,Rome
961,Michael,Szymanska,michael.szymanska762@mail.com,United Kingdom,London
962,Marta,Rodriguez,marta.rodriguez763@shopper.net,Poland,Poznan
963,Ewa,Miller,ewa.miller764@shopper.net,United States,New York
964,Charlotte,Pawlowska,charlotte.pawlowska765@mail.com,France,Marseille
965,Robert,Kowalska,robert.kowalska766@example.com,Germany,Cologne
966,Andrew,Miller,andrew.miller767@shopper.net,Spain,Seville
967,Anthony,Michalska,anthony.michalska768@shopper.net,Italy,Turin
968,Mia,Williams,mia.williams769@example.com,Germany,Dresden
969,James,Smith,james.smith770@shopper.net,Netherlands,Utrecht
970,Daniel,Williams,daniel.williams771@shopper.net,Poland,Gdansk
971,Emma,Kaczmarek,emma.kaczmarek772@example.com,Poland,Warsaw
972,Agnieszka,Lewandowska,agnieszka.lewandowska773@example.com,Poland,Gdansk
973,Katarzyna,Szymanska,katarzyna.szymanska774@inbox.com,Italy,Milan
974,Michael,Dabrowska,michael.dabrowska775@mail.com,United States,Seattle
975,Isabella,Zielinska,isabella.zielinska776@mail.com,Poland,Warsaw
976,Andrew,Smith,andrew.smith777@example.com,United Kingdom,Manchester
977,Amelia,Williams,amelia.williams778@example.com,United States,Phoenix
978,Emma,Rodriguez,emma.rodriguez779@shopper.net,Poland,Wroclaw
979,Monika,Kaczmarek,monika.kaczmarek780@inbox.com,Spain,Bilbao
980,Emma,Kaczmarek,emma.kaczmarek781@inbox.com,France,Toulouse
981,Ava,Smith,ava.smith782@example.com,United Kingdom,Glasgow
982,Daniel,Dabrowska,daniel.dabrowska783@shopper.net,Netherlands,Utrecht
983,Isabella,Garcia,isabella.garcia784@shopper.net,United Kingdom,Manchester
984,Ewa,Lewandowska,ewa.lewandowska785@mail.com,Netherlands,Eindhoven
985,David,Nowak,david.nowak786@mail.com,United States,New York
986,Emma,Brown,emma.brown787@shopper.net,United States,Los Angeles
987,Magdalena,Williams,magdalena.williams788@mail.com,Poland,Warsaw
988,Mia,Johnson,mia.johnson789@example.com,Spain,Barcelona
989,Ewa,Dabrowska,ewa.dabrowska790@shopper.net,United Kingdom,Manchester
990,Robert,Nowak,robert.nowak791@mail.com,Poland,Poznan
991,Mia,Williams,mia.williams792@inbox.com,Poland,Wroclaw
992,Agnieszka,Brown,agnieszka.brown793@shopper.net,United Kingdom,Leeds
993,Katarzyna,Davis,katarzyna.davis794@shopper.net,United Kingdom,Manchester
994,Ava,Michalska,ava.michalska795@inbox.com,France,Marseille
995,Emily,Davis,emily.davis796@example.com,Italy,Florence
996,John,Pawlowska,john.pawlowska797@inbox.com,Poland,Warsaw
997,John,Nowak,john.nowak798@shopper.net,France,Paris
998,Mark,Williams,mark.williams799@example.com,Poland,Poznan
999,James,Wojcik,james.wojcik800@mail.com,Spain,Barcelona
1000,Michael,Miller,michael.miller801@mail.com,Spain,Madrid
1001,Marta,Szymanska,marta.szymanska802@mail.com,United Kingdom,London
1002,Magdalena,Rodriguez,magdalena.rodriguez803@shopper.net,France,Nantes
1003,Mia,Dabrowska,mia.dabrowska804@inbox.com,Germany,Munich
1004,Michael,Kaczmarek,michael.kaczmarek805@example.com,United Kingdom,Glasgow
1005,Chris,Michalska,chris.michalska806@mail.com,Spain,Madrid
1006,Emily,Nowak,emily.nowak807@example.com,United Kingdom,Glasgow
1007,Paulina,Jones,paulina.jones808@shopper.net,Germany,Cologne
1008,Ewa,Zielinska,ewa.zielinska809@mail.com,United Kingdom,Glasgow
1009,Robert,Lewandowska,robert.lewandowska810@shopper.net,Spain,Valencia
1010,David,Wilson,david.wilson811@inbox.com,Germany,Hamburg
1011,Joanna,Lewandowska,joanna.lewandowska812@shopper.net,Poland,Poznan
1012,Magdalena,Garcia,magdalena.garcia813@shopper.net,France,Marseille
1013,Marta,Lewandowska,marta.lewandowska814@inbox.com,Spain,Seville
1014,Mark,Davis,mark.davis815@example.com,Poland,Krakow
1015,Amelia,Johnson,amelia.johnson816@inbox.com,Germany,Hamburg
1016,Mia,Davis,mia.davis817@inbox.com,Poland,Gdansk
1017,Maria,Kaczmarek,maria.kaczmarek818@shopper.net,Germany,Frankfurt
1018,Agnieszka,Kowalska,agnieszka.kowalska819@example.com,United Kingdom,Leeds
1019,Emily,Garcia,emily.garcia820@mail.com,France,Lyon
1020,Agnieszka,Garcia,agnieszka.garcia821@inbox.com,United States,Phoenix
1021,Paulina,Brown,paulina.brown822@example.com,United States,Phoenix
1022,Anthony,Jones,anthony.jones823@inbox.com,Germany,Dresden
1023,Joanna,Johnson,joanna.johnson824@inbox.com,Spain,Seville
1024,Daniel,Lewandowska,daniel.lewandowska825@inbox.com,United Kingdom,Manchester
1025,David,Wojcik,david.wojcik826@inbox.com,Netherlands,Eindhoven
1026,Anna,Wilson,anna.wilson827@shopper.net,United States,Los Angeles
1027,Olivia,Johnson,olivia.johnson828@example.com,Poland,Wroclaw
1028,Andrew,Dabrowska,andrew.dabrowska829@example.com,United States,Phoenix
1029,Chris,Smith,chris.smith830@example.com,Germany,Frankfurt
1030,Ewa,Kowalska,ewa.kowalska831@inbox.com,United States,New York
1031,Isabella,Szymanska,isabella.szymanska832@shopper.net,Poland,Gdansk
1032,David,Jones,david.jones833@inbox.com,Poland,Lodz
1033,Monika,Jones,monika.jones834@inbox.com,Spain,Seville
1034,Monika,Rodriguez,monika.rodriguez835@example.com,Germany,Dresden
1035,Paulina,Smith,paulina.smith836@inbox.com,Spain,Madrid
1036,Charlotte,Nowak,charlotte.nowak837@mail.com,Germany,Hamburg
1037,Anthony,Brown,anthony.brown838@inbox.com,United States,Houston
1038,Emily,Nowak,emily.nowak839@mail.com,United States,Los Angeles
1039,Michael,Lewandowska,michael.lewandowska840@inbox.com,United Kingdom,Birmingham
1040,Olivia,Davis,olivia.davis841@shopper.net,Germany,Frankfurt
1041,Ewa,Wojcik,ewa.wojcik842@shopper.net,Poland,Warsaw
1042,Amelia,Williams,amelia.williams843@example.com,Poland,Gdansk
1043,Magdalena,Michalska,magdalena.michalska844@inbox.com,Germany,Hamburg
1044,Mia,Dabrowska,mia.dabrowska845@mail.com,United States,Phoenix
1045,Anthony,Jones,anthony.jones846@mail.com,Italy,Naples
1046,Ewa,Smith,ewa.smith847@inbox.com,Spain,Barcelona
1047,Evelyn,Wilson,evelyn.wilson848@mail.com,France,Nice
1048,Katarzyna,Nowak,katarzyna.nowak849@shopper.net,France,Lyon
1049,David,Jones,david.jones850@mail.com,United States,Houston
1050,David,Brown,david.brown851@example.com,Germany,Hamburg
1051,Mark,Wilson,mark.wilson852@shopper.net,Italy,Milan
1052,Charlotte,Smith,charlotte.smith853@shopper.net,United States,New York
1053,Evelyn,Wojcik,evelyn.wojcik854@shopper.net,United States,New York
1054,Mia,Davis,mia.davis855@inbox.com,Poland,Poznan
1055,Andrew,Johnson,andrew.johnson856@inbox.com,United Kingdom,Leeds
1056,Charlotte,Jones,charlotte.jones857@shopper.net,United Kingdom,Glasgow
1057,Joanna,Miller,joanna.miller858@inbox.com,Spain,Bilbao
1058,Emily,Zielinska,emily.zielinska859@mail.com,United Kingdom,Liverpool
1059,Marta,Wilson,marta.wilson860@inbox.com,Germany,Frankfurt
1060,Ewa,Szymanska,ewa.szymanska861@inbox.com,Netherlands,Groningen
1061,Anna,Rodriguez,anna.rodriguez862@shopper.net,Poland,Warsaw
1062,Katarzyna,Zielinska,katarzyna.zielinska863@example.com,United Kingdom,London
1063,David,Wojcik,david.wojcik864@example.com,Poland,Poznan
1064,Charlotte,Kowalska,charlotte.kowalska865@example.com,France,Paris
1065,Evelyn,Szymanska,evelyn.szymanska866@mail.com,Italy,Naples
1066,Isabella,Jones,isabella.jones867@inbox.com,Germany,Dresden
1067,Charlotte,Nowak,charlotte.nowak868@example.com,Spain,Malaga
1068,Chris,Wojcik,chris.wojcik869@shopper.net,Germany,Frankfurt
1069,Isabella,Davis,isabella.davis870@example.com,Italy,Rome
1070,Sophia,Johnson,sophia.johnson871@example.com,France,Lyon
1071,Anna,Garcia,anna.garcia872@inbox.com,France,Nantes
1072,Paulina,Jones,paulina.jones873@inbox.com,Poland,Poznan
1073,Emma,Johnson,emma.johnson874@inbox.com,Netherlands,The Hague
1074,Paulina,Miller,paulina.miller875@mail.com,France,Toulouse
1075,Mia,Pawlowska,mia.pawlowska876@mail.com,Germany,Hamburg
1076,Michael,Brown,michael.brown877@example.com,Spain,Valencia
1077,David,Davis,david.davis878@inbox.com,Germany,Dresden
1078,David,Pawlowska,david.pawlowska879@example.com,Spain,Seville
1079,Emily,Jones,emily.jones880@shopper.net,Poland,Wroclaw
1080,James,Brown,james.brown881@shopper.net,United States,Houston
1081,Emma,Garcia,emma.garcia882@inbox.com,United Kingdom,Liverpool
1082,Daniel,Wilson,daniel.wilson883@inbox.com,Poland,Gdansk
1083,Olivia,Dabrowska,olivia.dabrowska884@shopper.net,Germany,Cologne
1084,Emma,Wojcik,emma.wojcik885@inbox.com,Poland,Warsaw
1085,John,Johnson,john.johnson886@mail.com,United Kingdom,Glasgow
1086,Charlotte,Wojcik,charlotte.wojcik887@mail.com,Germany,Frankfurt
1087,Agnieszka,Wilson,agnieszka.wilson888@inbox.com,United States,Los Angeles
1088,Monika,Brown,monika.brown889@shopper.net,Germany,Munich
1089,Katarzyna,Jones,katarzyna.jones890@example.com,Germany,Dresden
1090,Anthony,Brown,anthony.brown891@inbox.com,France,Nantes
1091,Andrew,Dabrowska,andrew.dabrowska892@inbox.com,Poland,Poznan
1092,Isabella,Davis,isabella.davis893@example.com,Italy,Rome
1093,Mark,Johnson,mark.johnson894@inbox.com,Spain,Valencia
1094,James,Wilson,james.wilson895@example.com,United States,Chicago
1095,Marta,Lewandowska,marta.lewandowska896@shopper.net,United States,Seattle
1096,Chris,Michalska,chris.michalska897@mail.com,Italy,Rome
1097,Robert,Szymanska,robert.szymanska898@shopper.net,Poland,Lodz
1098,James,Miller,james.miller899@mail.com,Poland,Gdansk
1099,Anna,Nowak,anna.nowak900@example.com,Germany,Dresden
1100,Emma,Pawlowska,emma.pawlowska901@mail.com,France,Toulouse
1101,Olivia,Smith,olivia.smith902@shopper.net,Poland,Lodz
1102,Olivia,Williams,olivia.williams903@mail.com,United States,Phoenix
1103,Katarzyna,Davis,katarzyna.davis904@example.com,Netherlands,Groningen
1104,Daniel,Pawlowska,daniel.pawlowska905@mail.com,Spain,Bilbao
1105,Ava,Garcia,ava.garcia906@inbox.com,United Kingdom,London
1106,Isabella,Garcia,isabella.garcia907@shopper.net,Poland,Gdansk
1107,John,Brown,john.brown908@inbox.com,Spain,Barcelona
1108,Michael,Jones,michael.jones909@example.com,United States,Los Angeles
1109,Magdalena,Szymanska,magdalena.szymanska910@mail.com,Poland,Gdansk
1110,Daniel,Smith,daniel.smith911@inbox.com,Poland,Krakow
1111,Joanna,Williams,joanna.williams912@inbox.com,Italy,Bologna
1112,Paulina,Kowalska,paulina.kowalska913@mail.com,United States,New York
1113,Michael,Szymanska,michael.szymanska914@mail.com,Spain,Madrid
1114,Sophia,Michalska,sophia.michalska915@shopper.net,Spain,Valencia
1115,Charlotte,Pawlowska,charlotte.pawlowska916@inbox.com,United States,Los Angeles
1116,Emma,Smith,emma.smith917@inbox.com,United Kingdom,Liverpool
1117,Joanna,Rodriguez,joanna.rodriguez918@example.com,United Kingdom,London
1118,Mia,Michalska,mia.michalska919@shopper.net,Germany,Berlin
1119,Charlotte,Davis,charlotte.davis920@example.com,United Kingdom,Leeds
1120,Monika,Johnson,monika.johnson921@inbox.com,France,Toulouse
1121,Mia,Brown,mia.brown922@example.com,United States,New York
1122,Joanna,Jones,joanna.jones923@inbox.com,Italy,Florence
1123,Mia,Miller,mia.miller924@inbox.com,United Kingdom,Glasgow
1124,Charlotte,Wilson,charlotte.wilson925@example.com,United States,Phoenix
1125,Mark,Kowalska,mark.kowalska926@example.com,United States,Seattle
1126,Charlotte,Kaczmarek,charlotte.kaczmarek927@mail.com,United States,New York
1127,Charlotte,Pawlowska,charlotte.pawlowska928@mail.com,United States,New York
1128,Agnieszka,Garcia,agnieszka.garcia929@mail.com,Germany,Berlin
1129,Marta,Kowalska,marta.kowalska930@inbox.com,United Kingdom,Birmingham
1130,Monika,Nowak,monika.nowak931@example.com,Poland,Wroclaw
1131,Amelia,Kowalska,amelia.kowalska932@shopper.net,Germany,Berlin
1132,Olivia,Kowalska,olivia.kowalska933@inbox.com,United Kingdom,London
1133,Chris,Michalska,chris.michalska934@shopper.net,United States,Los Angeles
1134,Marta,Williams,marta.williams935@example.com,Netherlands,Utrecht
1135,Anna,Kowalska,anna.kowalska936@inbox.com,United States,Seattle
1136,Emma,Williams,emma.williams937@shopper.net,France,Paris
1137,Andrew,Wilson,andrew.wilson938@shopper.net,United Kingdom,Manchester
1138,David,Dabrowska,david.dabrowska939@mail.com,United States,Phoenix
1139,Charlotte,Nowak,charlotte.nowak940@mail.com,Poland,Lodz
1140,Daniel,Szymanska,daniel.szymanska941@mail.com,Germany,Berlin
1141,Emily,Dabrowska,emily.dabrowska942@inbox.com,Germany,Berlin
1142,David,Brown,david.brown943@example.com,United Kingdom,Manchester
1143,Robert,Garcia,robert.garcia944@example.com,Poland,Gdansk
1144,Katarzyna,Jones,katarzyna.jones945@mail.com,Poland,Warsaw
1145,Emily,Nowak,emily.nowak946@mail.com,Germany,Frankfurt
1146,Paulina,Kaczmarek,paulina.kaczmarek947@mail.com,Netherlands,Amsterdam
1147,Mark,Johnson,mark.johnson948@shopper.net,Germany,Frankfurt
1148,Anthony,Davis,anthony.davis949@mail.com,United Kingdom,Liverpool
1149,Agnieszka,Pawlowska,agnieszka.pawlowska950@shopper.net,Poland,Lodz
1150,James,Smith,james.smith951@example.com,United States,Houston
1151,Isabella,Wojcik,isabella.wojcik952@inbox.com,Germany,Cologne
1152,Maria,Szymanska,maria.szymanska953@inbox.com,Poland,Poznan
1153,Magdalena,Michalska,magdalena.michalska954@inbox.com,United Kingdom,Birmingham
1154,Sophia,Szymanska,sophia.szymanska955@inbox.com,Poland,Warsaw
1155,Evelyn,Michalska,evelyn.michalska956@shopper.net,Poland,Warsaw
1156,Mark,Dabrowska,mark.dabrowska957@shopper.net,Poland,Wroclaw
1157,Amelia,Michalska,amelia.michalska958@mail.com,Poland,Poznan
1158,David,Garcia,david.garcia959@shopper.net,Poland,Warsaw
1159,Agnieszka,Johnson,agnieszka.johnson960@mail.com,Germany,Berlin
1160,Ava,Pawlowska,ava.pawlowska961@mail.com,France,Marseille
1161,Sophia,Pawlowska,sophia.pawlowska962@inbox.com,United States,Los Angeles
1162,Anna,Garcia,anna.garcia963@shopper.net,United Kingdom,Leeds
1163,Olivia,Wilson,olivia.wilson964@shopper.net,Germany,Cologne
1164,Anna,Jones,anna.jones965@mail.com,Italy,Milan
1165,Mark,Dabrowska,mark.dabrowska966@mail.com,Germany,Berlin
1166,James,Smith,james.smith967@example.com,Poland,Gdansk
1167,Chris,Wilson,chris.wilson968@example.com,United States,Chicago
1168,John,Miller,john.miller969@mail.com,Poland,Wroclaw
1169,Emma,Lewandowska,emma.lewandowska970@example.com,Germany,Hamburg
1170,Mia,Szymanska,mia.szymanska971@example.com,United Kingdom,Liverpool
1171,Isabella,Wojcik,isabella.wojcik972@mail.com,Spain,Barcelona
1172,Olivia,Michalska,olivia.michalska973@mail.com,United Kingdom,London
1173,Amelia,Kaczmarek,amelia.kaczmarek974@shopper.net,United States,Seattle
1174,Amelia,Brown,amelia.brown975@mail.com,Netherlands,Rotterdam
1175,Chris,Smith,chris.smith976@mail.com,Poland,Poznan
1176,David,Garcia,david.garcia977@inbox.com,Germany,Cologne
1177,Anna,Johnson,anna.johnson978@shopper.net,Germany,Hamburg
1178,Maria,Johnson,maria.johnson979@shopper.net,United Kingdom,Glasgow
1179,Marta,Williams,marta.williams980@shopper.net,United Kingdom,Birmingham
1180,Katarzyna,Williams,katarzyna.williams981@inbox.com,Italy,Bologna
1181,Anna,Rodriguez,anna.rodriguez982@mail.com,France,Paris
1182,Emma,Rodriguez,emma.rodriguez983@shopper.net,United States,New York
1183,Daniel,Brown,daniel.brown984@shopper.net,Germany,Berlin
1184,Ava,Lewandowska,ava.lewandowska985@example.com,Spain,Valencia
1185,Paulina,Williams,paulina.williams986@shopper.net,Netherlands,The Hague
1186,Charlotte,Pawlowska,charlotte.pawlowska987@mail.com,Spain,Madrid
1187,Chris,Rodriguez,chris.rodriguez988@mail.com,Poland,Poznan
1188,Agnieszka,Johnson,agnieszka.johnson989@example.com,United States,Chicago
1189,Agnieszka,Garcia,agnieszka.garcia990@shopper.net,Poland,Lodz
1190,Paulina,Szymanska,paulina.szymanska991@shopper.net,Germany,Frankfurt
1191,Katarzyna,Garcia,katarzyna.garcia992@shopper.net,Poland,Lodz
1192,Emma,Rodriguez,emma.rodriguez993@inbox.com,United States,Chicago
1193,Ava,Zielinska,ava.zielinska994@shopper.net,United States,Chicago
1194,Agnieszka,Michalska,agnieszka.michalska995@mail.com,Poland,Wroclaw
1195,Emma,Wojcik,emma.wojcik996@mail.com,Germany,Hamburg
1196,Agnieszka,Kaczmarek,agnieszka.kaczmarek997@inbox.com,United Kingdom,Birmingham
1197,Magdalena,Rodriguez,magdalena.rodriguez998@inbox.com,Germany,Munich
1198,Magdalena,Wojcik,magdalena.wojcik999@shopper.net,Poland,Warsaw
1199,Anthony,Jones,anthony.jones000@example.com,United Kingdom,Leeds
